Index,User Id,First Name,Last Name,Sex,Email,Phone,Date of birth,Job Title
1,4defE49671cF860,Sydney,Shannon,Male,tvang@example.net,574-440-1423x9799,2020-07-09,Technical brewer
2,F89B87bCf8f210b,Regina,Lin,Male,helen14@example.net,001-273-664-2268x90121,1909-06-20,"Teacher, adult education"
3,Cad6052BDd5DEaf,Pamela,Blake,Female,brent05@example.org,927-880-5785x85266,1964-08-19,Armed forces operational officer
4,e83E46f80f629CD,Dave,Hoffman,Female,munozcraig@example.org,001-147-429-8340x608,2009-02-19,Ship broker
5,60AAc4DcaBcE3b6,Ian,Campos,Female,brownevelyn@example.net,166-126-4390,1997-10-02,Media planner
6,7ACb92d81A42fdf,Valerie,Patel,Male,muellerjoel@example.net,001-379-612-1298x853,2021-04-07,"Engineer, materials"
7,A00bacC18101d37,Dan,Castillo,Female,billmoody@example.net,(448)494-0852x63243,1975-04-09,Historic buildings inspector/conservation officer
8,B012698Cf31cfec,Clinton,Cochran,Male,glenn94@example.org,4425100065,1966-07-19,"Engineer, mining"
9,a5bd11BD7dA1a4B,Gabriella,Richard,Female,blane@example.org,352.362.4148x8344,2021-09-02,Wellsite geologist
10,9540a6df05eF6cf,James,Bailey,Male,pittmanterrence@example.com,(629)632-4570x1832,1963-05-13,Graphic designer
